itemId,itemName,itemDescription,itemInventory
4728475,Rolux Navigator,Stylish mens watch with metal band,400
38492,Rolux Sportsman,Mens sport watch with timer,600
1000014,Ripple BookPro 13,13 inch laptop - 5PB HDD/200GB RAM,1000
1000015,Ripple Jukebox 500,Portable music player - 984 hour battery life,405
1000016,Poku Castbox,Video streaming device - HDMI compatible,605
1000017,Ripple Jukebox 300,Music streaming device 300GB storage capacity,350
1000020,Ripple MyPhone 8,The latest phone from Ripple - 8 inch with 8TB of storage capacity,500
